id,type,testament,book_id,book_name,chapter,scope,category,difficulty,question,choices,correct_answer,explanation,reference
q001,multiple_choice,at,jos,Josua,1,chapter,Personen,leicht,Welche Aufgabe erhält Josua unmittelbar nach dem Tod Moses?,Das Volk nach Babel zurückzuführen||Israel über den Jordan in das verheißene Land zu führen||Ein neues Priestertum einzusetzen||Den Tempel in Jerusalem zu bauen,Israel über den Jordan in das verheißene Land zu führen,"Josua wird nach Moses Tod ausdrücklich beauftragt, aufzustehen und mit dem ganzen Volk über den Jordan zu ziehen. Der Auftrag steht im Zusammenhang mit der Landverheißung, die der HERR den Vätern gegeben hatte. Damit beginnt im Buch Josua die Phase der Besitznahme des Landes.","Josua 1,1-3"
q002,multiple_choice,at,jos,Josua,1,chapter,Lehre,leicht,Was soll nach Josua 1 nicht von Josuas Mund weichen?,Das Buch des Gesetzes||Das Lied Moses||Die Bundeslade||Das Los für die Stämme,Das Buch des Gesetzes,"Josua soll über das Buch des Gesetzes Tag und Nacht nachsinnen und danach handeln. Der Text verbindet Leitung des Volkes nicht zuerst mit militärischer Stärke, sondern mit Gehorsam gegenüber Gottes Wort. Darin wird die geistliche Grundlage der Landnahme sichtbar.","Josua 1,7-8"
q003,multiple_choice,at,jos,Josua,1,chapter,Biblische Geschichte,leicht,"Welche Stämme erinnern Josua daran, dass sie ihre Frauen, Kinder und Herden östlich des Jordan lassen dürfen?","Ruben, Gad und der halbe Stamm Manasse||Judah, Simeon und Benjamin||Ephraim, Manasse und Levi||Dan, Asser und Naphtali","Ruben, Gad und der halbe Stamm Manasse","Die Stämme Ruben, Gad und der halbe Stamm Manasse hatten bereits östlich des Jordan ihr Erbteil erhalten. Dennoch sollen ihre kriegstüchtigen Männer den übrigen Stämmen beim Kampf im Land helfen. Das zeigt die Einheit Israels trotz unterschiedlicher Erbgebiete.","Josua 1,12-18"
q004,multiple_choice,at,jos,Josua,2,chapter,Personen,leicht,Welche Frau verbirgt in Jericho die Kundschafter Israels?,Rahab||Debora||Jael||Achsah,Rahab,"Rahab nimmt die Kundschafter auf und verbirgt sie vor den Männern des Königs von Jericho. Ihre Handlung steht im Zusammenhang mit ihrem Bekenntnis, dass der HERR Israel das Land gegeben hat. Im Buch Josua wird sie deshalb bei der Einnahme Jerichos verschont.","Josua 2,1-14"
q005,multiple_choice,at,jos,Josua,2,chapter,Textkenntnis,leicht,Welches Zeichen soll Rahab nach der Vereinbarung mit den Kundschaftern an ihr Fenster binden?,Eine scharlachrote Schnur||Einen weißen Mantel||Einen Ölzweig||Ein Stück vom Ephod,Eine scharlachrote Schnur,"Die Kundschafter nennen Rahab eine scharlachrote Schnur als sichtbares Zeichen an dem Fenster, durch das sie sie hinabgelassen hatte. Dieses Zeichen markiert das Haus, in dem Rahab und ihre Angehörigen bleiben sollen. Die Rettung ist dabei eng an die gegebene Zusage gebunden.","Josua 2,17-21"
q006,multiple_choice,at,jos,Josua,3,chapter,Biblische Geschichte,leicht,Was geht beim Durchzug durch den Jordan vor dem Volk her?,Die Lade des Bundes||Die eherne Schlange||Das Zelt der Zusammenkunft||Das Banner Judas,Die Lade des Bundes,"Beim Jordanübergang geht die Lade des Bundes vor Israel her. Sie macht deutlich, dass der HERR selbst sein Volk führt und den Weg in das Land öffnet. Die Priester tragen die Lade, während das Volk mit Abstand folgt.","Josua 3,3-17"
q007,multiple_choice,at,jos,Josua,3,chapter,Lehre,leicht,"Was geschieht mit dem Wasser des Jordan, als die Füße der Priester das Wasser berühren?",Es steht aufgerichtet still||Es verwandelt sich in Blut||Es trocknet erst nach sieben Tagen||Es fließt in zwei verschiedene Meere,Es steht aufgerichtet still,"Sobald die Priester mit der Bundeslade in den Jordan treten, bleibt das Wasser oberhalb stehen. Israel kann auf trockenem Boden hindurchziehen. Das Wunder bestätigt Josuas Berufung und Gottes Gegenwart bei seinem Volk.","Josua 3,13-17"
q008,multiple_choice,at,jos,Josua,4,chapter,Textkenntnis,leicht,Wie viele Steine lässt Josua aus dem Jordan nehmen?,Zwölf||Sieben||Zehn||Vierzig,Zwölf,"Josua ordnet an, dass zwölf Männer aus jedem Stamm je einen Stein aus dem Jordan nehmen. Die Steine dienen als Gedächtniszeichen für die kommenden Generationen. Ihre Zahl entspricht den zwölf Stämmen Israels.","Josua 4,1-9"
q009,multiple_choice,at,jos,Josua,5,chapter,Bund und Heilsgeschichte,leicht,Welche Bundeshandlung wird in Gilgal an der neuen Generation Israels vollzogen?,Die Beschneidung||Die Salbung des Königs||Die Einsetzung des Tempeldienstes||Die Auslösung der Erstgeburt,Die Beschneidung,"In Gilgal wird die Generation beschnitten, die in der Wüste geboren worden war. Damit wird das Bundeszeichen erneuert, bevor Israel das Passah im Land feiert. Der Text verbindet die Landnahme mit der Bundeszugehörigkeit Israels.","Josua 5,2-9"
q010,multiple_choice,at,jos,Josua,5,chapter,Biblische Geschichte,leicht,"Was hört auf, nachdem Israel vom Ertrag des Landes Kanaan gegessen hat?",Das Manna||Das Passah||Der Priesterdienst||Das Loswerfen,Das Manna,"Nachdem Israel vom Ertrag des Landes gegessen hat, hört das Manna auf. Die Versorgung in der Wüste geht in die Versorgung im verheißenen Land über. Dadurch wird ein heilsgeschichtlicher Übergang markiert.","Josua 5,10-12"
q011,multiple_choice,at,jos,Josua,5,chapter,Personen,leicht,Wem begegnet Josua bei Jericho mit einem gezückten Schwert?,Dem Fürsten über das Heer des HERRN||Dem König von Ai||Dem Hohenpriester Eleasar||Dem Engel des Todes,Dem Fürsten über das Heer des HERRN,"Josua begegnet einem Mann mit gezücktem Schwert, der sich als Fürst über das Heer des HERRN vorstellt. Josua fällt vor ihm nieder und empfängt die Anweisung, seine Schuhe auszuziehen. Die Szene macht klar, dass der kommende Kampf unter Gottes Hoheit steht.","Josua 5,13-15"
q012,multiple_choice,at,jos,Josua,6,chapter,Biblische Geschichte,leicht,Wie wird Jericho nach Gottes Anweisung am siebten Tag umgangen?,Siebenmal||Einmal||Dreimal||Zwölfmal,Siebenmal,"An den ersten sechs Tagen zieht Israel je einmal um die Stadt, am siebten Tag aber siebenmal. Danach erschallen die Posaunen und das Volk erhebt das Kriegsgeschrei. Die Einnahme Jerichos wird dadurch deutlich als Werk Gottes dargestellt.","Josua 6,1-20"
q013,multiple_choice,at,jos,Josua,6,chapter,Lehre,leicht,Was soll mit Jericho und allem darin nach Josua 6 geschehen?,Es soll dem Bann geweiht werden||Es soll an die Gibeoniter verkauft werden||Es soll als Priesterstadt erhalten bleiben||Es soll Simeon als Erbteil zufallen,Es soll dem Bann geweiht werden,"Jericho wird dem Bann geweiht; Silber, Gold und Geräte aus Bronze und Eisen sollen in den Schatz des HERRN kommen. Der Text zeigt, dass der Sieg nicht der Bereicherung Israels dient. Die Heiligkeit Gottes bestimmt den Umgang mit der ersten eroberten Stadt.","Josua 6,17-19"
q014,multiple_choice,at,jos,Josua,7,chapter,Personen,leicht,Wer nimmt von dem Gebannten und verursacht dadurch Israels Niederlage bei Ai?,Achan||Karmi||Sabdi||Serach,Achan,"Achan nimmt von dem Gebannten aus Jericho und verbirgt es in seinem Zelt. Deshalb weicht Israel bei Ai zurück, obwohl die Stadt klein erscheint. Der Bericht zeigt die ernste Wirkung von Ungehorsam innerhalb des Bundesvolkes.","Josua 7,1-26"
q015,multiple_choice,at,jos,Josua,7,chapter,Biblische Geschichte,leicht,"Welche Stadt besiegt Israel zunächst nicht, weil Sünde im Lager ist?",Ai||Gibeon||Hazor||Lachisch,Ai,"Israel greift Ai nach dem Sieg über Jericho an, erleidet aber wegen Achans Schuld eine Niederlage. Die militärische Schwäche erklärt der Text nicht strategisch, sondern geistlich. Gottes Gegenwart kann nicht vom Gehorsam des Volkes getrennt werden.","Josua 7,2-12"
q016,multiple_choice,at,jos,Josua,8,chapter,Biblische Geschichte,leicht,Welche Strategie verwendet Josua bei der späteren Einnahme von Ai?,Einen Hinterhalt||Eine Belagerung über sieben Jahre||Einen Friedensvertrag||Einen Zweikampf der Könige,Einen Hinterhalt,"Beim zweiten Angriff auf Ai legt Josua einen Hinterhalt hinter die Stadt. Während die Männer von Ai herausgelockt werden, nimmt der Hinterhalt die Stadt ein. Der Sieg folgt der erneuten göttlichen Weisung nach der Bereinigung von Achans Schuld.","Josua 8,1-29"
q017,multiple_choice,at,jos,Josua,8,chapter,Bund und Heilsgeschichte,leicht,Auf welchem Berg baut Josua nach der Einnahme von Ai einen Altar?,Auf dem Berg Ebal||Auf dem Berg Karmel||Auf dem Berg Zion||Auf dem Berg Tabor,Auf dem Berg Ebal,"Josua baut auf dem Berg Ebal einen Altar, wie es im Gesetz Moses geboten war. Dort werden Brand- und Friedensopfer dargebracht. Die Landnahme wird damit ausdrücklich unter die Autorität des Bundes und des Gesetzes gestellt.","Josua 8,30-35"
q018,multiple_choice,at,jos,Josua,9,chapter,Biblische Geschichte,leicht,Welches Volk erschleicht sich durch List einen Bund mit Israel?,Die Gibeoniter||Die Amalekiter||Die Moabiter||Die Philister,Die Gibeoniter,"Die Gibeoniter geben vor, aus einem fernen Land zu kommen, und bringen abgenutzte Vorräte als Beweis. Israel schließt einen Bund mit ihnen, ohne den Mund des HERRN zu befragen. Die Episode zeigt die Gefahr geistlicher Unachtsamkeit trotz äußerer Plausibilität.","Josua 9,3-15"
q019,multiple_choice,at,jos,Josua,9,chapter,Lehre,leicht,Welcher Fehler wird bei Israels Bund mit den Gibeonitern ausdrücklich hervorgehoben?,Sie befragten den HERRN nicht||Sie verwarfen die Bundeslade||Sie opferten auf einem fremden Altar||Sie weigerten sich, das Gesetz zu lesen,Sie befragten den HERRN nicht,"Der Text sagt ausdrücklich, dass die Männer Israels den Mund des HERRN nicht befragten. Die Entscheidung beruht auf dem Augenschein der Vorräte und Kleider. Damit wird die Notwendigkeit göttlicher Weisung in Bundesangelegenheiten betont.","Josua 9,14-15"
q020,multiple_choice,at,jos,Josua,10,chapter,Biblische Geschichte,leicht,Welches außergewöhnliche Zeichen geschieht während des Kampfes gegen die Amoriter?,Sonne und Mond stehen still||Feuer fällt auf den Altar||Der Jordan teilt sich erneut||Ein Löwe tötet den König,Sonne und Mond stehen still,"Während des Kampfes bittet Josua, dass Sonne und Mond stillstehen. Der Text verbindet dieses Zeichen mit dem Eingreifen des HERRN für Israel. Es unterstreicht, dass der Sieg nicht bloß durch menschliche Kampfkraft errungen wird.","Josua 10,12-14"
q021,multiple_choice,at,jos,Josua,10,chapter,Textkenntnis,leicht,Welche Naturerscheinung tötet nach Josua 10 mehr Feinde als das Schwert Israels?,Große Hagelsteine||Ein Erdbeben||Eine Flutwelle||Ein Wüstenwind,Große Hagelsteine,"Auf der Flucht vor Israel wirft der HERR große Hagelsteine vom Himmel auf die Feinde. Der Text sagt ausdrücklich, dass durch die Hagelsteine mehr starben als durch das Schwert. Gottes unmittelbares Gericht steht damit im Vordergrund.","Josua 10,10-11"
q022,multiple_choice,at,jos,Josua,11,chapter,Personen,leicht,Welcher König führt im Norden eine große Koalition gegen Israel an?,Jabin von Hazor||Sihon von Heschbon||Balak von Moab||Agag von Amalek,Jabin von Hazor,"Jabin, der König von Hazor, sammelt die nördlichen Könige gegen Israel. Die Koalition erscheint zahlreich und militärisch stark, doch der HERR gibt Josua den Sieg. Hazor nimmt in diesem Abschnitt eine führende Stellung unter den Gegnern ein.","Josua 11,1-15"
q023,multiple_choice,at,jos,Josua,11,chapter,Biblische Geschichte,leicht,Was soll Josua nach Gottes Befehl mit den Pferden und Wagen der nördlichen Koalition tun?,Die Pferde lähmen und die Wagen verbrennen||Die Pferde weihen und die Wagen behalten||Die Pferde verkaufen und die Wagen zerbrechen||Die Pferde nach Gilgal bringen und die Wagen zählen,Die Pferde lähmen und die Wagen verbrennen,"Der HERR befiehlt Josua, die Pferde zu lähmen und die Wagen mit Feuer zu verbrennen. Israel soll seine Sicherheit nicht auf kanaanitische Militärmacht stützen. Der Sieg bleibt an Gottes Zusage und nicht an übernommene Kriegstechnik gebunden.","Josua 11,6-9"
q024,multiple_choice,at,jos,Josua,12,chapter,Textkenntnis,leicht,Wie viele Könige westlich des Jordan werden in Josua 12 als von Josua besiegt aufgezählt?,Einunddreißig||Zwölf||Vierundzwanzig||Vierzig,Einunddreißig,"Josua 12 zählt die Könige westlich des Jordan auf, die Josua und Israel besiegt haben. Die Summe wird am Ende ausdrücklich mit einunddreißig angegeben. Die Liste fasst die bisherigen Siege im Land zusammen.","Josua 12,7-24"
q025,multiple_choice,at,jos,Josua,13,chapter,Bund und Heilsgeschichte,leicht,Warum erhält der Stamm Levi im Buch Josua kein zusammenhängendes Stammesgebiet wie die anderen Stämme?,"Der HERR, der Gott Israels, ist sein Erbteil||Levi hatte das Landrecht an Juda verkauft||Levi blieb vollständig östlich des Jordan||Levi wurde wegen Achans Schuld ausgeschlossen","Der HERR, der Gott Israels, ist sein Erbteil","Josua betont wiederholt, dass Levi kein Erbteil wie die anderen Stämme erhält. Der HERR selbst und der Dienst an ihm sind sein Erbteil. Das unterscheidet Levi innerhalb der Landverteilung und zeigt die besondere Stellung des Priesterdienstes.","Josua 13,14.33"
q026,multiple_choice,at,jos,Josua,14,chapter,Personen,leicht,Welcher Mann bittet Josua um Hebron als Erbteil?,Kaleb||Eleasar||Othniel||Pinhas,Kaleb,"Kaleb erinnert Josua an die Zusage, die Mose ihm wegen seiner Treue gegeben hatte. Er bittet um das Bergland Hebron, obwohl dort starke Gegner wohnen. Sein Anliegen zeigt Vertrauen in die Verheißung Gottes auch im hohen Alter.","Josua 14,6-15"
q027,multiple_choice,at,jos,Josua,14,chapter,Textkenntnis,leicht,"Wie alt ist Kaleb, als er Josua um sein Erbteil bittet?",Fünfundachtzig Jahre||Siebzig Jahre||Vierzig Jahre||Hundertzwanzig Jahre,Fünfundachtzig Jahre,"Kaleb sagt selbst, dass er fünfundachtzig Jahre alt ist. Er betont zugleich, dass seine Kraft noch da sei wie zur Zeit, als Mose ihn aussandte. Die Angabe unterstreicht seine Ausdauer im Glauben und seine Bereitschaft zum Kampf.","Josua 14,10-12"
q028,multiple_choice,at,jos,Josua,15,chapter,Personen,leicht,Welche Tochter Kalebs bittet um Wasserquellen zu ihrem Land?,Achsah||Milka||Noomi||Hulda,Achsah,"Achsah, die Tochter Kalebs, erhält Land im Negev und bittet zusätzlich um Wasserquellen. Kaleb gibt ihr die oberen und unteren Quellen. Der Bericht zeigt die konkrete Bedeutung des Erbteils und der Versorgung im Land.","Josua 15,16-19"
q029,multiple_choice,at,jos,Josua,17,chapter,Bund und Heilsgeschichte,leicht,"Welche Gruppe erhält nach Josua 17 ein Erbteil, weil der HERR es durch Mose geboten hatte?",Die Töchter Zelophchads||Die Söhne Korahs||Die Nachkommen Esaus||Die Ältesten von Gibeon,Die Töchter Zelophchads,"Die Töchter Zelophchads treten vor die Verantwortlichen und berufen sich auf das Gebot des HERRN durch Mose. Ihnen wird ein Erbteil unter den Brüdern ihres Vaters gegeben. Damit wird die bereits im Gesetz geregelte Erbfrage in der Landverteilung umgesetzt.","Josua 17,3-6"
q030,multiple_choice,at,jos,Josua,18,chapter,Biblische Geschichte,leicht,"Wo wird das Zelt der Zusammenkunft aufgerichtet, nachdem das Land unterworfen ist?",In Silo||In Jericho||In Hebron||In Beerscheba,In Silo,"Die Gemeinde Israels versammelt sich in Silo, und dort wird das Zelt der Zusammenkunft aufgerichtet. Silo wird damit zu einem zentralen Ort des gottesdienstlichen Lebens in der Zeit der Landverteilung. Die Landnahme und der Gottesdienst gehören zusammen.","Josua 18,1"
q031,multiple_choice,at,jos,Josua,20,chapter,Lehre,leicht,Wozu werden die Zufluchtsstädte nach Josua 20 bestimmt?,Zum Schutz für den unabsichtlichen Totschläger||Zur Ausbildung der königlichen Schreiber||Zur Sammlung des Zehnten für den Tempel||Zur Bewahrung der Bundeslade im Krieg,Zum Schutz für den unabsichtlichen Totschläger,"Die Zufluchtsstädte sollen demjenigen Schutz bieten, der ohne Absicht jemanden getötet hat. Dort soll er vor dem Bluträcher Zuflucht finden, bis die Sache rechtlich geklärt ist. Der Abschnitt zeigt, dass Gottes Ordnung Recht, Schutz und Verantwortung verbindet.","Josua 20,1-6"
q032,multiple_choice,at,jos,Josua,21,chapter,Prophetie und Erfüllung,leicht,Wie fasst Josua 21 die Erfüllung der Landverheißung zusammen?,Kein gutes Wort des HERRN war dahingefallen||Israel verlor sofort alle Städte wieder||Nur Juda erhielt sein Erbteil vollständig||Die Verheißung wurde auf eine spätere Generation verschoben,Kein gutes Wort des HERRN war dahingefallen,"Josua 21 betont, dass kein gutes Wort von allem, was der HERR dem Haus Israel zugesagt hatte, dahinfiel. Diese Zusammenfassung stellt die Landverteilung in den Rahmen göttlicher Treue. Die Erfüllung der Verheißung ist ein theologischer Schlüssel des Buches.","Josua 21,43-45"
q033,multiple_choice,at,jos,Josua,22,chapter,Biblische Geschichte,leicht,"Was bauen die ostjordanischen Stämme am Jordan, sodass die übrigen Stämme zunächst empört reagieren?",Einen großen Altar als Zeugen||Eine befestigte Stadt||Ein goldenes Kalb||Ein neues Zelt der Zusammenkunft,Einen großen Altar als Zeugen,"Die Stämme Ruben, Gad und der halbe Stamm Manasse bauen am Jordan einen großen Altar. Die übrigen Stämme befürchten zunächst Abfall vom HERRN. Später erklären die Erbauer, dass der Altar ein Zeuge der gemeinsamen Zugehörigkeit zu Israel sein soll.","Josua 22,10-29"
q034,multiple_choice,at,jos,Josua,24,chapter,Lehre,leicht,Welche Entscheidung fordert Josua das Volk in Sichem ausdrücklich zu treffen auf?,Wem es dienen will||Welchen König es salben will||Welche Stadt Hauptstadt werden soll||Welchen Stamm es verwerfen will,Wem es dienen will,"Josua fordert das Volk auf, sich zu entscheiden, wem es dienen will. Er stellt den Dienst am HERRN den fremden Göttern gegenüber. Der Bundeserneuerung in Sichem geht damit eine klare Forderung nach ungeteilter Treue voraus.","Josua 24,14-15"
q035,multiple_choice,at,jos,Josua,1,chapter,Prophetie und Erfüllung,mittel,Welche Grenze wird in Josua 1 als Teil der verheißenen Ausdehnung des Landes genannt?,Vom Strom Euphrat bis zum großen Meer||Vom Nil bis zum Roten Meer||Vom Arnon bis zum Hermon||Von Dan bis Beerscheba,Vom Strom Euphrat bis zum großen Meer,"Josua 1 nennt die Wüste, den Libanon, den großen Strom Euphrat und das große Meer gegen Sonnenuntergang. Diese Grenzbeschreibung knüpft an die umfassende Landverheißung an. Sie stellt Josuas Auftrag in den größeren Zusammenhang der Verheißungen an Israel.","Josua 1,3-4"
q036,multiple_choice,at,jos,Josua,1,chapter,Lehre,mittel,Welche Verbindung stellt Josua 1 zwischen Erfolg und Gehorsam her?,Erfolg ist an sorgfältiges Handeln nach dem Gesetz gebunden||Erfolg wird allein durch die Anzahl der Kämpfer garantiert||Erfolg hängt vom Besitz kanaanitischer Wagen ab||Erfolg kommt durch einen neuen Opferkalender,Erfolg ist an sorgfältiges Handeln nach dem Gesetz gebunden,"Josua soll stark und mutig sein, indem er auf das Gesetz achtet und weder nach rechts noch nach links davon abweicht. Der verheißene Erfolg ist daher nicht autonomer Triumph, sondern Frucht des Gehorsams. Das prägt Josuas Leitungsauftrag von Anfang an.","Josua 1,7-9"
q037,multiple_choice,at,jos,Josua,2,chapter,Bund und Heilsgeschichte,mittel,Welche Aussage Rahabs zeigt besonders, dass sie Israels Sieg als Werk des HERRN erkennt?,"Der HERR, euer Gott, ist Gott oben im Himmel und unten auf Erden||Israel besitzt die stärksten Streitwagen Kanaans||Mose hat Jericho bereits vor Jahren eingenommen||Die Könige Kanaans haben einen Bund mit Israel geschlossen","Der HERR, euer Gott, ist Gott oben im Himmel und unten auf Erden","Rahab bekennt nicht nur Angst vor Israel, sondern erkennt den HERRN als Gott im Himmel und auf Erden. Sie verweist auf den Exodus und die Siege östlich des Jordan. Ihr Bekenntnis hebt die heilsgeschichtliche Bedeutung der Ereignisse hervor.","Josua 2,8-11"
q038,multiple_choice,at,jos,Josua,2,chapter,Biblische Geschichte,mittel,Wo hatte Rahab die Kundschafter versteckt?,Unter Flachsstängeln auf dem Dach||In einer Zisterne am Stadttor||Im Hof des Königspalastes||In einem Weinberg außerhalb Jerichos,Unter Flachsstängeln auf dem Dach,"Rahab versteckt die Männer unter Flachsstängeln, die sie auf dem Dach ausgebreitet hatte. Diese konkrete Angabe gehört zu den erzählerischen Details von Josua 2. Sie zeigt, wie knapp die Kundschafter der Suche durch die Männer des Königs entgehen.","Josua 2,4-6"
q039,multiple_choice,at,jos,Josua,3,chapter,Textkenntnis,mittel,Welchen Abstand soll das Volk nach Josua 3 zur Bundeslade halten?,Etwa zweitausend Ellen||Etwa siebenhundert Ellen||Etwa zwölfhundert Schritt||Etwa vierzig Ellen,Etwa zweitausend Ellen,"Das Volk soll der Bundeslade nicht unmittelbar folgen, sondern etwa zweitausend Ellen Abstand halten. So soll es den Weg erkennen, den es zuvor nicht gegangen ist. Die Distanz betont zugleich die Heiligkeit der Lade und die geordnete Führung des Volkes.","Josua 3,3-4"
q040,multiple_choice,at,jos,Josua,4,chapter,Bund und Heilsgeschichte,mittel,Welchen Zweck haben die zwölf Steine nach Josua 4 besonders für die Kinder Israels?,Sie sollen künftigen Generationen den Jordanübergang erklären||Sie sollen als Ersatz für den Altar in Silo dienen||Sie sollen die Grenze zwischen Juda und Benjamin markieren||Sie sollen den Ort von Achans Schuld bezeichnen,Sie sollen künftigen Generationen den Jordanübergang erklären,"Die Steine sind ein Gedächtniszeichen, damit Kinder später nach ihrer Bedeutung fragen. Dann soll Israel erzählen, dass der HERR den Jordan austrocknete, wie er zuvor das Schilfmeer austrocknete. Das Zeichen dient der Weitergabe von Gottes rettendem Handeln.","Josua 4,6-7.21-24"
q041,multiple_choice,at,jos,Josua,4,chapter,Textkenntnis,mittel,An welchem Tag des ersten Monats steigt Israel aus dem Jordan herauf und lagert in Gilgal?,Am zehnten Tag||Am ersten Tag||Am vierzehnten Tag||Am fünfzehnten Tag,Am zehnten Tag,"Josua 4 nennt den zehnten Tag des ersten Monats als Zeitpunkt, an dem das Volk aus dem Jordan heraufsteigt. Danach lagert Israel in Gilgal am östlichen Rand Jerichos. Die Datierung bereitet die Passahfeier in Josua 5 vor.","Josua 4,19"
q042,multiple_choice,at,jos,Josua,5,chapter,Bund und Heilsgeschichte,mittel,Welche Bedeutung wird dem Ortsnamen Gilgal in Josua 5 durch das Wort des HERRN gegeben?,Der HERR hat die Schande Ägyptens von Israel abgewälzt||Israel hat dort die Könige Kanaans gezählt||Mose hat dort die Tafeln des Gesetzes zerbrochen||Die Priester haben dort den Jordan gestaut,Der HERR hat die Schande Ägyptens von Israel abgewälzt,"Nach der Beschneidung sagt der HERR, dass er die Schande Ägyptens von Israel abgewälzt habe. Deshalb wird der Ort Gilgal genannt. Die Namensdeutung verbindet den Neuanfang im Land mit der Wiederherstellung der Bundesidentität.","Josua 5,8-9"
q043,multiple_choice,at,jos,Josua,5,chapter,Textkenntnis,mittel,Wann feiert Israel nach dem Jordanübergang das Passah in der Ebene von Jericho?,Am vierzehnten Tag des Monats am Abend||Am zehnten Tag des Monats am Morgen||Am siebten Tag nach der Beschneidung||Am ersten Tag des siebten Monats,Am vierzehnten Tag des Monats am Abend,"Josua 5 berichtet, dass Israel das Passah am vierzehnten Tag des Monats am Abend feiert. Die Feier folgt auf Beschneidung und Lagerung in Gilgal. Damit tritt Israel als Bundesvolk in das verheißene Land ein.","Josua 5,10"
q044,multiple_choice,at,jos,Josua,6,chapter,Prophetie und Erfüllung,mittel,Welche spätere Warnung spricht Josua über den Wiederaufbau Jerichos aus?,Der Wiedererbauer soll den Grund auf seinen Erstgeborenen und die Tore auf seinen Jüngsten legen||Der Wiedererbauer soll sieben Jahre außerhalb des Lagers wohnen||Der Wiedererbauer soll dem Stamm Levi tributpflichtig werden||Der Wiedererbauer soll seine Stadt an die Gibeoniter verlieren,Der Wiedererbauer soll den Grund auf seinen Erstgeborenen und die Tore auf seinen Jüngsten legen,"Josua spricht nach der Zerstörung Jerichos einen Fluch über den künftigen Wiederaufbau aus. Der Fluch betrifft den Erstgeborenen beim Legen des Grundes und den Jüngsten beim Einsetzen der Tore. Die Worte markieren Jericho als Stadt, die unter dem Gericht Gottes stand.","Josua 6,26"
q045,multiple_choice,at,jos,Josua,6,chapter,Textkenntnis,mittel,Welche Gegenstände aus Jericho sollen nach Josua 6 in den Schatz des HERRN kommen?,"Silber, Gold und Geräte aus Bronze und Eisen||Holz, Stein und Tonkrüge||Kleider, Öl und Getreide||Schwerter, Speere und Pferdegeschirr","Silber, Gold und Geräte aus Bronze und Eisen","Josua unterscheidet zwischen dem Bann an der Stadt und den Metallen, die dem Schatz des HERRN zufallen. Silber, Gold sowie Geräte aus Bronze und Eisen sollen nicht privat genommen werden. Diese Anordnung bildet den Hintergrund für Achans spätere Sünde.","Josua 6,18-19"
q046,multiple_choice,at,jos,Josua,7,chapter,Lehre,mittel,Welche theologische Erklärung gibt der HERR Josua für Israels Niederlage bei Ai?,Israel hat gesündigt und von dem Gebannten genommen||Ai war dem HERRN noch nicht zum Gericht bestimmt||Josua hatte die Bundeslade nicht mitgeführt||Die Priester hatten das Passah vergessen,Israel hat gesündigt und von dem Gebannten genommen,"Der HERR erklärt Josua, dass Israel gesündigt und von dem Gebannten genommen habe. Die Niederlage wird also nicht als bloßes taktisches Versagen gedeutet. Der Bundesbruch innerhalb des Volkes gefährdet die Gegenwart Gottes im Kampf.","Josua 7,10-12"
q047,multiple_choice,at,jos,Josua,7,chapter,Textkenntnis,mittel,Welche Gegenstände bekennt Achan als genommen und verborgen?,"Einen babylonischen Mantel, Silber und eine Goldstange||Eine Lade mit Öl, Weihrauch und Purpur||Ein Schwert aus Jericho, einen Schild und zwei Pferde||Ein goldenes Kalb, Edelsteine und Priestergewänder","Einen babylonischen Mantel, Silber und eine Goldstange","Achan bekennt, dass er einen kostbaren babylonischen Mantel, zweihundert Schekel Silber und eine Goldstange genommen hat. Er verbirgt die Dinge in seinem Zelt. Die Genauigkeit des Bekenntnisses zeigt, dass seine Schuld konkret und überprüfbar ist.","Josua 7,20-21"
q048,multiple_choice,at,jos,Josua,8,chapter,Bund und Heilsgeschichte,mittel,Welche Handlung vollzieht Josua nach dem Sieg über Ai im Blick auf das Gesetz?,Er schreibt eine Abschrift des Gesetzes auf Steine und liest es vor||Er ersetzt die Tafeln des Bundes durch eine neue Lade||Er ordnet einen neuen Opferdienst für Juda an||Er verbietet die Lesung der Fluchworte,Er schreibt eine Abschrift des Gesetzes auf Steine und liest es vor,"Nach dem Sieg über Ai baut Josua einen Altar, schreibt eine Abschrift des Gesetzes auf Steine und liest das Gesetz vor. Dabei werden Segen und Fluch vor ganz Israel verlesen. Die Einnahme des Landes wird so bewusst an den mosaischen Bund gebunden.","Josua 8,30-35"
q049,multiple_choice,at,jos,Josua,8,chapter,Bund und Heilsgeschichte,mittel,Zwischen welchen beiden Bergen stehen die beiden Hälften Israels bei der Gesetzeslesung?,Garizim und Ebal||Karmel und Tabor||Hermon und Nebo||Zion und Morija,Garizim und Ebal,"Josua stellt die Hälfte des Volkes vor den Berg Garizim und die andere Hälfte vor den Berg Ebal. Dies entspricht der im Gesetz angeordneten Bundeszeremonie. Die Szene verbindet die Landnahme mit Segen und Fluch des Bundes.","Josua 8,33-35"
q050,multiple_choice,at,jos,Josua,22,chapter,Personen,mittel,Welche Rolle spielt Pinehas in der späteren Krise um den Altar am Jordan?,Er führt die Gesandtschaft der westjordanischen Stämme an||Er baut den Altar für die ostjordanischen Stämme||Er verteilt die Städte der Leviten neu||Er besiegt die Könige von Hazor und Madon,Er führt die Gesandtschaft der westjordanischen Stämme an,"In der Altar-Krise wird Pinehas, der Sohn Eleasars, mit Fürsten der Stämme zu den ostjordanischen Stämmen gesandt. Seine Rolle zeigt die priesterliche Verantwortung für die Reinheit des Gottesdienstes. Die Gesandtschaft soll prüfen, ob ein Abfall vom HERRN vorliegt.","Josua 22,13-20"
q051,multiple_choice,at,jos,Josua,9,chapter,Lehre,mittel,Welche Folge hat der Eid Israels gegenüber den Gibeonitern trotz ihrer Täuschung?,Israel verschont sie, macht sie aber zu Holzhauern und Wasserträgern||Israel erklärt den Eid wegen Betrugs für ungültig und vernichtet sie||Israel gibt ihnen das Erbteil des Stammes Dan||Israel setzt sie als Priester am Altar ein,"Israel verschont sie, macht sie aber zu Holzhauern und Wasserträgern","Die Fürsten Israels halten den Eid gegenüber den Gibeonitern aufrecht, obwohl die Täuschung aufgedeckt wird. Die Gibeoniter werden verschont, aber zu Holzhauern und Wasserträgern für die Gemeinde und den Altar gemacht. Der Abschnitt zeigt die Ernsthaftigkeit eines geschworenen Eides.","Josua 9,16-27"
q052,multiple_choice,at,jos,Josua,10,chapter,Personen,mittel,Welcher König ruft die fünf amoritischen Könige gegen Gibeon zusammen?,Adoni-Zedek von Jerusalem||Jabin von Hazor||Horam von Geser||Sihon von Heschbon,Adoni-Zedek von Jerusalem,"Adoni-Zedek, der König von Jerusalem, fürchtet sich, weil Gibeon mit Israel Frieden geschlossen hat. Er ruft mehrere Könige zusammen, um Gibeon anzugreifen. Die Lage führt zu Josuas südlichem Feldzug.","Josua 10,1-5"
q053,multiple_choice,at,jos,Josua,10,chapter,Personen,mittel,Wo verstecken sich die fünf Könige während der Niederlage gegen Israel?,In der Höhle bei Makkeda||Im Turm von Jericho||Im Heiligtum von Silo||Am Ufer des Jordan,In der Höhle bei Makkeda,"Die fünf Könige fliehen und verstecken sich in der Höhle bei Makkeda. Josua lässt große Steine vor den Eingang wälzen und verfolgt zuerst die fliehenden Feinde weiter. Danach werden die Könige aus der Höhle herausgebracht und gerichtet.","Josua 10,16-27"
q054,multiple_choice,at,jos,Josua,10,chapter,Textkenntnis,mittel,Auf welches Buch verweist Josua 10 im Zusammenhang mit dem Stillstehen von Sonne und Mond?,Das Buch Jaschar||Das Buch der Kriege des HERRN||Das Buch der Könige Israels||Das Buch der Ordnungen Levis,Das Buch Jaschar,"Josua 10 verweist beim Bericht über Sonne und Mond auf das Buch Jaschar. Der Hinweis steht innerhalb der Erzählung über Gottes außergewöhnliches Eingreifen im Kampf. Er zeigt, dass das Ereignis als besonders erinnerungswürdig galt.","Josua 10,12-13"
q055,multiple_choice,at,jos,Josua,11,chapter,Biblische Geschichte,mittel,An welchem Ort schlägt Josua die nördliche Koalition?,An den Wassern Merom||In der Ebene Sinear||Am Bach Krit||Bei den Teichen von Hesbon,An den Wassern Merom,"Die nördlichen Könige lagern sich gemeinsam an den Wassern Merom. Dort überfällt Josua sie nach dem Wort des HERRN und besiegt sie. Der Sieg beendet den organisierten Widerstand im Norden entscheidend.","Josua 11,5-8"
q056,multiple_choice,at,jos,Josua,11,chapter,Biblische Geschichte,mittel,Welche Stadt verbrennt Josua im nördlichen Feldzug mit Feuer?,Hazor||Gibeon||Sichem||Tirza,Hazor,"Josua nimmt Hazor ein und verbrennt die Stadt mit Feuer. Hazor wird als Haupt aller jener Königreiche beschrieben. Ihre Zerstörung hat darum besondere Bedeutung im Bericht über den nördlichen Feldzug.","Josua 11,10-13"
q057,multiple_choice,at,jos,Josua,12,chapter,Biblische Geschichte,mittel,Welche beiden Könige östlich des Jordan werden in Josua 12 vor der Liste der westjordanischen Könige genannt?,Sihon und Og||Balak und Eglon||Jabin und Adoni-Zedek||Hiram und Toi,Sihon und Og,"Josua 12 erinnert zuerst an die Siege über Sihon, den König der Amoriter, und Og, den König von Basan. Diese Siege geschahen östlich des Jordan unter Mose. Sie bilden den Hintergrund für die spätere Landverteilung an die ostjordanischen Stämme.","Josua 12,1-6"
q058,multiple_choice,at,jos,Josua,13,chapter,Prophetie und Erfüllung,mittel,Welche Gebiete nennt der HERR in Josua 13 als noch übrig zur Einnahme?,Unter anderem das Gebiet der Philister und ganz Gesur||Nur die Städte Jericho und Ai||Nur das Land Moab und Edom||Nur die Wüste Paran,Unter anderem das Gebiet der Philister und ganz Gesur,"Als Josua alt geworden ist, nennt der HERR noch verbleibende Gebiete. Dazu gehören das Gebiet der Philister und ganz Gesur. Der Hinweis zeigt, dass die grundsätzliche Landverteilung nicht bedeutet, dass jede regionale Aufgabe bereits abgeschlossen war.","Josua 13,1-7"
q059,multiple_choice,at,jos,Josua,14,chapter,Personen,mittel,"Welche Begründung gibt Kaleb dafür, dass ihm Hebron als Erbteil zustehen soll?",Er ist dem HERRN völlig nachgefolgt||Er war der älteste Sohn Aarons||Er hatte Jericho allein eingenommen||Er wurde von den Gibeonitern darum gebeten,Er ist dem HERRN völlig nachgefolgt,"Kaleb verweist auf Moses Zusage, die mit seiner völligen Nachfolge des HERRN begründet wird. Anders als die Mehrheit der Kundschafter hatte er im Glauben am Wort Gottes festgehalten. Sein Erbteil wird deshalb als Frucht treuer Nachfolge dargestellt.","Josua 14,6-14"
q060,multiple_choice,at,jos,Josua,15,chapter,Personen,mittel,Welche drei Söhne Enaks vertreibt Kaleb aus Hebron?,"Scheschai, Achiman und Talmai||Nadab, Abihu und Eleasar||Schammai, Abtaljon und Hillel||Korah, Dathan und Abiram","Scheschai, Achiman und Talmai","Kaleb vertreibt aus Hebron die drei Söhne Enaks: Scheschai, Achiman und Talmai. Diese Namen unterstreichen die Verbindung zur früheren Kundschaftergeschichte, in der die Enakiter Furcht auslösten. Kalebs Sieg zeigt die Überwindung jener alten Angst durch Vertrauen auf Gottes Zusage.","Josua 15,13-14"
q061,multiple_choice,at,jos,Josua,16,chapter,Biblische Geschichte,mittel,Welche kanaanitische Bevölkerung bleibt nach Josua 16 unter Ephraim wohnen und wird fronpflichtig?,Die Kanaaniter in Geser||Die Amoriter in Hebron||Die Jebusiter in Gilgal||Die Hiwiter in Bethel,Die Kanaaniter in Geser,"Josua 16 berichtet, dass Ephraim die Kanaaniter in Geser nicht vertrieb. Sie blieben unter Ephraim wohnen und wurden fronpflichtig. Der Hinweis zeigt eine Spannung zwischen Erbteil und unvollständiger Vertreibung der Bewohner.","Josua 16,10"
q062,multiple_choice,at,jos,Josua,17,chapter,Lehre,mittel,"Wie reagiert Josua auf die Klage der Nachkommen Josephs, ihr Erbteil sei zu klein?",Er fordert sie auf, im Waldgebiet Raum zu schaffen und die Kanaaniter zu vertreiben||Er nimmt Benjamin sein Erbteil und gibt es Joseph||Er ordnet an, dass sie östlich des Jordan wohnen sollen||Er erklärt, dass sie kein weiteres Land bekommen dürfen,Er fordert sie auf, im Waldgebiet Raum zu schaffen und die Kanaaniter zu vertreiben,"Die Nachkommen Josephs beklagen, dass sie ein großes Volk seien und mehr Raum benötigen. Josua fordert sie auf, das Waldgebiet zu roden und die starken Kanaaniter trotz ihrer eisernen Wagen zu vertreiben. Damit verbindet er Verheißung mit verantwortlichem Handeln.","Josua 17,14-18"
q063,multiple_choice,at,jos,Josua,18,chapter,Biblische Geschichte,mittel,Wie soll das noch nicht verteilte Land nach Josua 18 vorbereitet werden?,Männer sollen es durchziehen, beschreiben und in sieben Teile einteilen||Die Priester sollen es durch Lose an die Leviten geben||Die Könige Kanaans sollen seine Grenzen bestätigen||Josua soll es ohne Vermessung an Juda geben,"Männer sollen es durchziehen, beschreiben und in sieben Teile einteilen","Josua sendet Männer aus, die das Land durchziehen, beschreiben und in sieben Teile einteilen sollen. Danach wird das Los vor dem HERRN in Silo geworfen. Das Verfahren verbindet praktische Erfassung des Landes mit göttlicher Zuweisung.","Josua 18,3-10"
q064,multiple_choice,at,jos,Josua,19,chapter,Bund und Heilsgeschichte,mittel,Warum liegt das Erbteil Simeons innerhalb des Erbteils Judas?,Weil das Erbteil Judas für sie zu groß war||Weil Simeon zuerst Jericho eingenommen hatte||Weil Levi Simeon sein Gebiet überließ||Weil Dan sein Gebiet nicht annehmen wollte,Weil das Erbteil Judas für sie zu groß war,"Josua 19 erklärt, dass das Erbteil der Söhne Judas für sie zu groß war. Deshalb erhielten die Söhne Simeons ihr Erbteil mitten unter dem Erbteil Judas. Die Verteilung zeigt, wie die Stammesgebiete innerhalb des Landes geordnet werden.","Josua 19,1-9"
q065,multiple_choice,at,jos,Josua,19,chapter,Personen,mittel,Welche Stadt erhält Josua selbst als Erbteil?,Timnat-Serach||Bethel||Kiriat-Jearim||Ramat-Lechi,Timnat-Serach,"Nach Abschluss der Stammeserbteile erhält Josua auf Befehl des HERRN die Stadt Timnat-Serach im Gebirge Ephraim. Er baut die Stadt aus und wohnt darin. Der Bericht ordnet Josuas eigenes Erbteil bewusst nach der Versorgung der Stämme ein.","Josua 19,49-50"
q066,multiple_choice,at,jos,Josua,20,chapter,Textkenntnis,mittel,Welche der folgenden Städte gehört nach Josua 20 zu den Zufluchtsstädten westlich des Jordan?,Kedesch in Galiläa||Bethel in Benjamin||Ai bei Bet-Awen||Lachisch in Juda,Kedesch in Galiläa,"Josua 20 nennt westlich des Jordan Kedesch in Galiläa, Sichem im Gebirge Ephraim und Kirjat-Arba, das ist Hebron. Diese Städte bieten dem unabsichtlichen Totschläger Zuflucht. Ihre Verteilung macht den Schutz in verschiedenen Landesteilen erreichbar.","Josua 20,7"
q067,multiple_choice,at,jos,Josua,21,chapter,Textkenntnis,mittel,Wie viele Städte erhalten die Leviten insgesamt nach Josua 21?,Achtundvierzig||Zwölf||Vierundzwanzig||Sechsunddreißig,Achtundvierzig,"Die Leviten erhalten insgesamt achtundvierzig Städte mit ihren Weideplätzen. Darunter sind auch die sechs Zufluchtsstädte. So wird der Stamm Levi im ganzen Land verteilt, obwohl er kein eigenes Stammesgebiet erhält.","Josua 21,41-42"
q068,multiple_choice,at,jos,Josua,21,chapter,Prophetie und Erfüllung,schwer,Welche dreifache Erfüllung betont Josua 21 am Ende der Landverteilung?,"Landgabe, Ruhe und Sieg über die Feinde||Königtum, Tempelbau und Rückkehr aus dem Exil||Manna, Wasser aus dem Felsen und Wolkensäule||Priestertum, Prophetie und Schriftgelehrsamkeit","Landgabe, Ruhe und Sieg über die Feinde","Josua 21 fasst zusammen, dass der HERR Israel das Land gab, ihnen Ruhe ringsum verschaffte und alle Feinde in ihre Hand gab. Diese dreifache Formulierung bündelt wesentliche Verheißungsmotive. Sie zeigt Gottes Treue im Rahmen der Landnahme, auch wenn später noch Gehorsam gefordert bleibt.","Josua 21,43-45"
q069,multiple_choice,at,jos,Josua,22,chapter,Lehre,schwer,Welches theologische Problem befürchten die westjordanischen Stämme beim Altar der ostjordanischen Stämme?,Einen Aufstand gegen den HERRN durch einen konkurrierenden Opferaltar||Eine unerlaubte Volkszählung der Krieger||Eine Rückkehr nach Ägypten unter neuer Führung||Eine Verweigerung der Ernteabgaben an Juda,Einen Aufstand gegen den HERRN durch einen konkurrierenden Opferaltar,"Die westjordanischen Stämme deuten den Altar zunächst als möglichen Abfall vom HERRN und als Konkurrenz zum Altar Gottes. Darum ziehen sie nicht sofort in den Krieg, sondern senden eine Gesandtschaft zur Klärung. Die Sorge betrifft die Einheit und Reinheit des Gottesdienstes.","Josua 22,10-20"
q070,multiple_choice,at,jos,Josua,22,chapter,Bund und Heilsgeschichte,schwer,Welche Funktion soll der Altar der ostjordanischen Stämme nach ihrer Erklärung tatsächlich haben?,Er soll ein Zeuge der gemeinsamen Zugehörigkeit zum HERRN sein||Er soll die Opfer in Silo ersetzen||Er soll den Grenzverlauf zwischen Ruben und Gad festlegen||Er soll die Erinnerung an Achans Schuld bewahren,Er soll ein Zeuge der gemeinsamen Zugehörigkeit zum HERRN sein,"Die ostjordanischen Stämme erklären, dass der Altar nicht für Brand- oder Schlachtopfer gebaut wurde. Er soll vielmehr als Zeuge dienen, dass auch ihre Nachkommen Anteil am HERRN haben. Die Episode behandelt deshalb die sichtbare Sicherung der Bundeseinheit über den Jordan hinweg.","Josua 22,21-29"
q071,multiple_choice,at,jos,Josua,23,chapter,Prophetie und Erfüllung,schwer,Welche Warnung verbindet Josua 23 mit dem Umgang Israels mit den übriggebliebenen Nationen?,Wenn Israel an ihnen hängt, werden sie zum Fallstrick und zur Geißel werden||Wenn Israel sie besteuert, werden sie automatisch Bundesgenossen||Wenn Israel ihre Könige salbt, wird das Land erweitert||Wenn Israel ihre Altäre übernimmt, wird der Frieden dauerhaft,"Wenn Israel an ihnen hängt, werden sie zum Fallstrick und zur Geißel werden","Josua warnt das Volk davor, sich mit den übriggebliebenen Nationen zu vermischen, ihre Götter anzurufen oder an ihnen zu hängen. Wenn Israel dies tut, werden diese Völker zum Fallstrick und zur Geißel. Die Warnung zeigt, dass Besitz des Landes beständige Bundestreue erfordert.","Josua 23,6-13"
q072,multiple_choice,at,jos,Josua,23,chapter,Prophetie und Erfüllung,schwer,Wie formuliert Josua 23 das Verhältnis zwischen erfüllten Verheißungen und künftigen Gerichtsandrohungen?,Wie die guten Worte eingetroffen sind, so wird auch jedes böse Wort eintreffen, wenn Israel den Bund bricht||Die guten Worte sind eingetroffen, aber Gerichtsworte gelten nach der Landnahme nicht mehr||Die Gerichtsworte betreffen nur die Kanaaniter und niemals Israel||Die Verheißungen bleiben unerfüllt, bis Israel einen König erhält,"Wie die guten Worte eingetroffen sind, so wird auch jedes böse Wort eintreffen, wenn Israel den Bund bricht","Josua erinnert daran, dass alle guten Worte des HERRN eingetroffen sind. Zugleich warnt er, dass bei Bundesbruch auch alle angedrohten bösen Worte über Israel kommen werden. Der Abschnitt hält Gottes Treue in Verheißung und Gericht zusammen.","Josua 23,14-16"
q073,multiple_choice,at,jos,Josua,24,chapter,Bund und Heilsgeschichte,schwer,Mit welcher geschichtlichen Erinnerung beginnt Josua seine Bundesrede in Sichem?,Mit Terach und den Vätern jenseits des Stromes||Mit der Einnahme Jerichos am siebten Tag||Mit Davids Bund in Jerusalem||Mit dem Bau des Altars auf dem Karmel,Mit Terach und den Vätern jenseits des Stromes,"Josuas Rede beginnt weit vor dem Exodus mit Terach und den Vätern jenseits des Stromes. Dadurch wird Israels Geschichte als von Gottes freier Erwählung und Führung her verstanden. Die Bundeserneuerung ruht auf Gottes vorausgehendem Handeln.","Josua 24,2-4"
q074,multiple_choice,at,jos,Josua,24,chapter,Lehre,schwer,"Warum sagt Josua dem Volk in Sichem, es könne dem HERRN nicht dienen?",Weil der HERR heilig und eifersüchtig ist und Übertretung nicht ungestraft lässt||Weil der Dienst am HERRN erst nach dem Tempelbau möglich ist||Weil nur der Stamm Levi überhaupt dem HERRN dienen darf||Weil Israel noch keine schriftliche Weisung besitzt,Weil der HERR heilig und eifersüchtig ist und Übertretung nicht ungestraft lässt,"Josua stellt dem Volk die Ernsthaftigkeit des Bundes vor Augen: Der HERR ist heilig und eifersüchtig. Seine Aussage soll nicht vom Gehorsam abhalten, sondern oberflächliche Selbstverpflichtung entlarven. Der Dienst am HERRN verlangt ungeteilte Treue.","Josua 24,19-20"
q075,multiple_choice,at,jos,Josua,24,chapter,Textkenntnis,schwer,Welches sichtbare Zeugnis richtet Josua bei der Bundeserneuerung in Sichem auf?,Einen großen Stein unter der Eiche beim Heiligtum des HERRN||Eine kupferne Schlange am Stadttor||Zwölf Brote auf einem Tisch vor der Lade||Ein goldenes Diadem auf dem Altar,Einen großen Stein unter der Eiche beim Heiligtum des HERRN,"Josua schreibt die Worte in das Buch des Gesetzes Gottes und richtet einen großen Stein auf. Der Stein steht unter der Eiche beim Heiligtum des HERRN und soll als Zeuge dienen. Das sichtbare Zeichen erinnert das Volk an seine Bundesverpflichtung.","Josua 24,25-27"
q076,multiple_choice,at,jos,Josua,24,chapter,Prophetie und Erfüllung,schwer,Welche drei Bestattungen beziehungsweise Beisetzungen werden am Ende des Buches Josua erwähnt?,"Josua, Josephs Gebeine und Eleasar||Mose, Aaron und Mirjam||Kaleb, Rahab und Pinehas||Achan, Adoni-Zedek und Jabin","Josua, Josephs Gebeine und Eleasar","Am Ende des Buches werden Josuas Tod und Begräbnis, die Beisetzung der Gebeine Josephs in Sichem und der Tod Eleasars erwähnt. Diese Schlussnotizen verbinden Land, Verheißung und priesterliche Kontinuität. Josephs Gebeine zeigen besonders die Erfüllung der Hoffnung auf Rückkehr ins Land.","Josua 24,29-33"
q077,multiple_choice,at,jos,Josua,24,chapter,Bund und Heilsgeschichte,schwer,Welche Aussage über Israels Dienst am HERRN steht am Schluss des Buches Josua?,Israel diente dem HERRN alle Tage Josuas und der Ältesten, die Josua überlebten||Israel verließ den HERRN unmittelbar nach der Einnahme Jerichos vollständig||Israel diente dem HERRN nur während der vierzehn Tage des Passah||Israel setzte noch zu Josuas Lebzeiten einen fremden Gott in Silo ein,"Israel diente dem HERRN alle Tage Josuas und der Ältesten, die Josua überlebten","Der Schluss des Buches hält fest, dass Israel dem HERRN während der Tage Josuas und der Ältesten diente, die Josua überlebten. Diese Aussage schafft eine Brücke zur späteren Richterzeit, ohne sie im Buch Josua selbst auszuerzählen. Sie zeigt die Bedeutung geistlicher Leitung und erinnerter Heilsgeschichte.","Josua 24,31"
q078,multiple_choice,at,jos,Josua,1,chapter,Bund und Heilsgeschichte,schwer,Welche heilsgeschichtliche Kontinuität wird durch Gottes Zusage an Josua in Josua 1 besonders hervorgehoben?,Wie der HERR mit Mose war, will er auch mit Josua sein||Josua soll Mose durch ein erbliches Königtum ersetzen||Der Bund am Sinai wird durch einen neuen Bund mit Jericho aufgehoben||Die Leviten erhalten nun das Land anstelle der Stämme,"Wie der HERR mit Mose war, will er auch mit Josua sein","Gott verspricht Josua, mit ihm zu sein, wie er mit Mose gewesen ist. Dadurch wird Josuas Auftrag nicht als Bruch, sondern als Fortsetzung der von Gott geführten Geschichte verstanden. Die Autorität Josuas gründet in Gottes Gegenwart und Verheißung.","Josua 1,5"
q079,multiple_choice,at,jos,Josua,2,chapter,Prophetie und Erfüllung,schwer,Welche frühere Machttat Gottes nennt Rahab ausdrücklich als Grund für die Furcht Kanaans?,Das Austrocknen des Wassers im Schilfmeer||Die Speisung Israels mit Wachteln am Sinai||Das Feuer auf dem Altar Elias||Die Heilung Naemans im Jordan,Das Austrocknen des Wassers im Schilfmeer,"Rahab verweist auf das Austrocknen des Wassers im Schilfmeer beim Auszug aus Ägypten. Außerdem nennt sie die Vernichtung Sihons und Ogs östlich des Jordan. Die Furcht Kanaans wird damit als Reaktion auf Gottes bekannte Heilsmacht beschrieben.","Josua 2,9-11"
q080,multiple_choice,at,jos,Josua,3,chapter,Prophetie und Erfüllung,schwer,Wie wird der Jordanübergang in Josua 3 im Blick auf Josuas Stellung gegenüber Israel gedeutet?,Der HERR beginnt Josua groß zu machen vor den Augen Israels||Josua verliert seine Autorität an die Priester||Josua wird durch Eleasar vom Kriegsdienst entbunden||Josua gibt seine Führung an die Kundschafter ab,Der HERR beginnt Josua groß zu machen vor den Augen Israels,"Der HERR sagt, dass er an diesem Tag beginnen werde, Josua vor den Augen ganz Israels groß zu machen. Das Wunder am Jordan bestätigt, dass Gott mit Josua ist, wie er mit Mose war. Autorität im Volk wird dadurch an Gottes bestätigendes Handeln gebunden.","Josua 3,7"
q081,multiple_choice,at,jos,Josua,4,chapter,Prophetie und Erfüllung,schwer,Welche Parallele zieht Josua 4 selbst zwischen Jordanübergang und früherer Rettungsgeschichte?,Der HERR trocknete den Jordan aus, wie er das Schilfmeer ausgetrocknet hatte||Der HERR ließ Brot vom Himmel fallen, wie er es in Jericho getan hatte||Der HERR gab Wasser aus dem Felsen, wie er es in Silo tat||Der HERR verhüllte den Berg, wie er es bei Gibeon tat,"Der HERR trocknete den Jordan aus, wie er das Schilfmeer ausgetrocknet hatte","Josua 4 erklärt den Jordanübergang ausdrücklich durch den Vergleich mit dem Schilfmeer. Beide Ereignisse zeigen die rettende Macht des HERRN über Wasserhindernisse. Die neue Generation soll erkennen, dass derselbe Gott sie in das Land führt.","Josua 4,21-24"
q082,multiple_choice,at,jos,Josua,5,chapter,Lehre,schwer,"Welche geistliche Aussage liegt in der Anweisung an Josua, vor dem Fürsten des Heeres des HERRN die Schuhe auszuziehen?",Der Ort ist heilig wegen der Gegenwart des HERRN||Josua darf nicht mehr als Heerführer auftreten||Jericho wird zu einer gewöhnlichen Stadt erklärt||Die Priester übernehmen von nun an die Landverteilung,Der Ort ist heilig wegen der Gegenwart des HERRN,"Josua soll seine Schuhe ausziehen, weil der Ort, auf dem er steht, heilig ist. Die Heiligkeit ergibt sich aus der Gegenwart des göttlichen Boten und erinnert an die Berufung Moses. Vor der Einnahme Jerichos wird so Gottes Hoheit über den Kampf betont.","Josua 5,13-15"
q083,multiple_choice,at,jos,Josua,6,chapter,Prophetie und Erfüllung,schwer,Welche Spannung zeigt die Verschonung Rahabs innerhalb der Bannvollstreckung an Jericho?,Gericht über Jericho und Rettung derer, die sich an Israels Gott halten||Vernichtung aller Bewohner ohne jede Ausnahme||Aufhebung des Banns zugunsten der Stadtältesten||Ersetzung des Bundes mit Israel durch einen Bund mit Jericho,"Gericht über Jericho und Rettung derer, die sich an Israels Gott halten","Jericho steht unter dem Bann, doch Rahab und ihre Familie werden aufgrund der Zusage der Kundschafter verschont. Ihre Rettung hängt mit ihrem Handeln und Bekenntnis gegenüber dem Gott Israels zusammen. Der Abschnitt verbindet Gottes Gericht mit der Möglichkeit der Rettung im Rahmen seiner Verheißung.","Josua 6,17.22-25"
q084,multiple_choice,at,jos,Josua,7,chapter,Bund und Heilsgeschichte,schwer,Warum wird Achans Schuld in Josua 7 nicht nur als privates Fehlverhalten dargestellt?,Weil der Text sagt, dass Israel gesündigt hat und Gottes Bund übertreten wurde||Weil Achan zu den Priestern Levis gehörte||Weil seine Tat außerhalb des verheißenen Landes geschah||Weil er einen fremden König zum Angriff rief,"Weil der Text sagt, dass Israel gesündigt hat und Gottes Bund übertreten wurde","Josua 7 formuliert die Schuld Achans in kollektiven Kategorien: Israel hat gesündigt und den Bund übertreten. Die verborgene Tat eines Einzelnen hat Folgen für das Volk im Kampf. Das zeigt die Bundesdimension der Heiligkeit innerhalb Israels.","Josua 7,10-12"
q085,multiple_choice,at,jos,Josua,8,chapter,Lehre,schwer,Welche Aussage beschreibt die Bundeszeremonie nach der Einnahme von Ai am treffendsten?,Sieg und Landbesitz werden unter Segen und Fluch des Gesetzes gestellt||Die Opferordnung Moses wird durch Josuas Kriegsordnung ersetzt||Die Stämme werden aus der Verpflichtung zum Gesetz entlassen||Das Land wird ohne Bezug zum Bund unter militärischer Verwaltung verteilt,Sieg und Landbesitz werden unter Segen und Fluch des Gesetzes gestellt,"Nach Ai versammelt Josua Israel zwischen Ebal und Garizim und liest Segen und Fluch des Gesetzes. Dadurch wird die militärische Landnahme unmittelbar mit dem Bundesgehorsam verbunden. Der Besitz des Landes wird theologisch durch Gottes Wort gerahmt.","Josua 8,30-35"
q086,multiple_choice,at,jos,Josua,9,chapter,Bund und Heilsgeschichte,schwer,Welche Spannung entsteht durch den Bund mit Gibeon innerhalb des Auftrags zur Landnahme?,Israel muss einen leichtfertig geschlossenen Eid achten, obwohl Gibeon zur Landesbevölkerung gehört||Israel darf wegen Gibeon den Jordan nicht überqueren||Die Leviten verlieren durch Gibeon ihre Städte||Josua muss den Bund mit Mose annullieren,"Israel muss einen leichtfertig geschlossenen Eid achten, obwohl Gibeon zur Landesbevölkerung gehört","Gibeon erschleicht sich den Bund durch Täuschung, doch Israel hatte beim HERRN geschworen. Die Fürsten halten den Eid aufrecht und ordnen eine dienende Stellung für die Gibeoniter an. Der Bericht zeigt die Spannung zwischen Gericht über Kanaan und der Verbindlichkeit eines Eides.","Josua 9,15-27"
q087,multiple_choice,at,jos,Josua,10,chapter,Lehre,schwer,Wie deutet Josua 10 den Sieg über die fünf Könige im Blick auf Gottes Handeln?,Der HERR kämpfte für Israel||Israel siegte, weil es mehr Streitwagen hatte||Gibeon gewann den Kampf ohne Israel||Die Könige unterwarfen sich freiwillig vor Beginn der Schlacht,Der HERR kämpfte für Israel,"Josua 10 betont, dass der HERR die Feinde verwirrte, Hagelsteine sandte und für Israel kämpfte. Auch das außergewöhnliche Zeichen an Sonne und Mond wird in diesen Zusammenhang gestellt. Der Sieg ist deshalb theologisch als Gottes Eingreifen gedeutet.","Josua 10,10-14"
q088,multiple_choice,at,jos,Josua,11,chapter,Prophetie und Erfüllung,schwer,Welche Aussage erklärt Josua 11 zum verhärteten Widerstand der kanaanitischen Könige?,Es war vom HERRN, dass sie Israel mit Krieg begegneten, damit der Bann an ihnen vollstreckt würde||Es geschah, weil Israel ihnen zuvor einen Friedensvertrag angeboten hatte||Es lag daran, dass Josua den Altar auf Ebal nicht gebaut hatte||Es war eine Folge der Beschneidung in Gilgal,"Es war vom HERRN, dass sie Israel mit Krieg begegneten, damit der Bann an ihnen vollstreckt würde","Josua 11 sagt, dass es vom HERRN kam, ihr Herz zu verhärten, sodass sie Israel im Krieg begegneten. Dadurch sollte der Bann an ihnen vollstreckt werden, ohne dass ihnen Gnade widerführe. Der Text deutet den Widerstand im Rahmen von Gottes Gerichtshandeln.","Josua 11,18-20"
q089,multiple_choice,at,jos,Josua,11,chapter,Textkenntnis,schwer,Welche Orte werden in Josua 11 als verbleibende Gebiete der Enakiter genannt?,"Gaza, Gat und Asdod||Jericho, Ai und Bethel||Silo, Sichem und Gilgal||Hebron, Debir und Anab","Gaza, Gat und Asdod","Josua 11 berichtet, dass Josua die Enakiter aus dem Gebirge Israels ausrottete. Doch in Gaza, Gat und Asdod blieben Reste übrig. Die Angabe ist wichtig, weil sie die Vollständigkeit des Sieges regional differenziert.","Josua 11,21-22"
q090,multiple_choice,at,jos,Josua,12,chapter,Textkenntnis,schwer,Welche Funktion hat Josua 12 innerhalb des Buches am ehesten?,Es fasst die besiegten Könige östlich und westlich des Jordan zusammen||Es beschreibt die Beschneidung der neuen Generation||Es ordnet die Opferdienste der Leviten in Silo||Es enthält Josuas letzte Bundesrede an das Volk,Es fasst die besiegten Könige östlich und westlich des Jordan zusammen,"Josua 12 steht als zusammenfassende Königsliste zwischen Eroberungserzählungen und Landverteilung. Zuerst werden die unter Mose besiegten Könige östlich des Jordan genannt, danach die unter Josua besiegten Könige westlich des Jordan. Das Kapitel bilanziert Gottes Siege vor der Erbteilverteilung.","Josua 12,1-24"
q091,multiple_choice,at,jos,Josua,13,chapter,Prophetie und Erfüllung,schwer,Welche Spannung eröffnet Josua 13 für das Verständnis der Landnahme?,Das Land wird verteilt, obwohl noch Gebiete einzunehmen bleiben||Das Land wird vollständig aufgegeben, obwohl Israel gesiegt hat||Die Stämme erhalten Erbteile, bevor der Jordan überschritten wird||Levi erhält das größte Gebiet, obwohl es kein Priestertum gibt,"Das Land wird verteilt, obwohl noch Gebiete einzunehmen bleiben","Der HERR sagt zu dem alt gewordenen Josua, dass noch sehr viel Land übrig ist. Dennoch soll Josua das Land als Erbe an die Stämme verteilen. Die Landnahme erscheint damit zugleich als erfüllte Gabe und als Auftrag fortgesetzten Gehorsams.","Josua 13,1-7"
q092,multiple_choice,at,jos,Josua,14,chapter,Prophetie und Erfüllung,schwer,Welche frühere Episode bildet den Hintergrund für Kalebs Bitte um Hebron?,Die Aussendung der Kundschafter von Kadesch-Barnea||Die Täuschung der Gibeoniter||Die Niederlage Achans bei Ai||Die Errichtung des Altars am Jordan,Die Aussendung der Kundschafter von Kadesch-Barnea,"Kaleb erinnert Josua an das Wort, das der HERR Mose in Kadesch-Barnea über ihn und Josua gesagt hatte. Seine Bitte um Hebron knüpft an die Kundschafterepisode an, in der Kaleb dem HERRN völlig nachfolgte. So wird eine alte Verheißung im Land konkret eingelöst.","Josua 14,6-12"
q093,multiple_choice,at,jos,Josua,15,chapter,Personen,schwer,Welche Stadt heißt nach Josua 15 früher Kirjat-Sefer und wird von Othniel eingenommen?,Debir||Hebron||Lachisch||Bet-Schemesch,Debir,"Kaleb zieht gegen Debir, das früher Kirjat-Sefer hieß. Othniel nimmt die Stadt ein und erhält Achsah zur Frau. Der Bericht verbindet die Verteilung Judas mit konkreten Eroberungen innerhalb des Erbteils.","Josua 15,15-17"
q094,multiple_choice,at,jos,Josua,15,chapter,Prophetie und Erfüllung,schwer,Welche Aussage über Jerusalem in Josua 15 zeigt eine noch ungelöste Besitznahme innerhalb Judas?,Die Söhne Judas konnten die Jebusiter in Jerusalem nicht vertreiben||Jerusalem wurde Josuas persönliches Erbteil||Jerusalem wurde sofort zur Stadt der Leviten gemacht||Die Gibeoniter brannten Jerusalem vollständig nieder,Die Söhne Judas konnten die Jebusiter in Jerusalem nicht vertreiben,"Josua 15 hält fest, dass die Söhne Judas die Jebusiter in Jerusalem nicht vertreiben konnten. Diese Notiz zeigt, dass innerhalb eines zugewiesenen Erbteils weiterhin offene Besitznahme blieb. Sie bereitet die spätere Bedeutung Jerusalems in Israels Geschichte vor, ohne sie hier auszuerzählen.","Josua 15,63"
q095,multiple_choice,at,jos,Josua,16,chapter,Lehre,schwer,Welche wiederkehrende Problematik der Landverteilung wird bereits bei Ephraim in Josua 16 sichtbar?,Kanaaniter bleiben im Land und werden fronpflichtig statt vertrieben||Ephraim verweigert den Bundesschluss in Sichem||Die Leviten entreißen Ephraim seine Städte||Ephraim zieht freiwillig nach Ägypten zurück,Kanaaniter bleiben im Land und werden fronpflichtig statt vertrieben,"Die Kanaaniter in Geser werden von Ephraim nicht vertrieben, sondern bleiben unter ihnen wohnen und leisten Frondienst. Der Text markiert damit eine unvollständige Durchführung des Auftrags. Diese Problematik wird später in Israels Geschichte geistlich bedeutsam.","Josua 16,10"
q096,multiple_choice,at,jos,Josua,17,chapter,Personen,schwer,Welche Abstammungslinie wird bei den Töchtern Zelophchads in Josua 17 ausdrücklich genannt?,"Zelophchad, Hepher, Gilead, Machir, Manasse||Zelophchad, Eleasar, Aaron, Levi, Jakob||Zelophchad, Kaleb, Jephunne, Juda, Perez||Zelophchad, Nun, Ephraim, Joseph, Israel","Zelophchad, Hepher, Gilead, Machir, Manasse","Josua 17 nennt Zelophchad als Sohn Hephers, des Sohnes Gileads, des Sohnes Machirs, des Sohnes Manasses. Diese genaue Abstammung begründet ihren Ort innerhalb des Erbteils Manasses. Die Erbfolgefrage wird dadurch genealogisch und gesetzlich verankert.","Josua 17,3-6"
q097,multiple_choice,at,jos,Josua,18,chapter,Bund und Heilsgeschichte,schwer,Welche geistliche Kritik legt Josua den sieben noch nicht versorgten Stämmen in Josua 18 nahe?,Sie zögern, das Land in Besitz zu nehmen, das der HERR ihnen gegeben hat||Sie haben heimlich einen Altar in Silo zerstört||Sie wollen das Erbteil Levis übernehmen||Sie weigern sich, den Jordan zu überqueren,"Sie zögern, das Land in Besitz zu nehmen, das der HERR ihnen gegeben hat","Josua fragt die sieben Stämme, wie lange sie säumig bleiben wollen, das Land in Besitz zu nehmen. Das Land wird dabei als Gabe des HERRN beschrieben. Die Kritik verbindet Verheißung mit der Verantwortung, die Gabe auch gehorsam anzunehmen.","Josua 18,2-6"
q098,multiple_choice,at,jos,Josua,19,chapter,Textkenntnis,schwer,Welche Besonderheit wird beim Erbteil Dans in Josua 19 berichtet?,Die Daniter ziehen gegen Leschem, nehmen es ein und nennen es Dan||Die Daniter erhalten ausschließlich Städte östlich des Jordan||Die Daniter werden vollständig unter Juda aufgeteilt||Die Daniter geben ihr Erbteil an Simeon zurück,"Die Daniter ziehen gegen Leschem, nehmen es ein und nennen es Dan","Josua 19 berichtet, dass das Gebiet der Söhne Dans ihnen zu eng wurde. Sie zogen gegen Leschem, nahmen es ein und nannten es Dan nach ihrem Stammvater. Der Hinweis zeigt eine spätere Erweiterung beziehungsweise Verlagerung innerhalb der Erbteilsnotizen.","Josua 19,47-48"
q099,multiple_choice,at,jos,Josua,20,chapter,Lehre,schwer,Bis zu welchem Zeitpunkt soll der unabsichtliche Totschläger nach Josua 20 in der Zufluchtsstadt bleiben?,Bis zum Tod des Hohenpriesters jener Tage||Bis zum nächsten Passah in Gilgal||Bis zur Eroberung der nächsten kanaanitischen Stadt||Bis zur Vollendung des Altars auf Ebal,Bis zum Tod des Hohenpriesters jener Tage,"Josua 20 bestimmt, dass der Totschläger in der Zufluchtsstadt bleiben soll, bis er vor der Gemeinde gestanden hat und bis zum Tod des Hohenpriesters jener Tage. Danach darf er in seine Stadt zurückkehren. Die Regel verbindet Schutz vor Rache mit geordneter Rechtsprechung.","Josua 20,4-6"
q100,multiple_choice,at,jos,Josua,21,chapter,Personen,schwer,Welche levitische Familiengruppe erhält nach Josua 21 zuerst Städte aus den Erbteilen Juda, Simeon und Benjamin?,Die Söhne Aarons aus den Kehatitern||Die Söhne Gerschons||Die Söhne Meraris||Die Söhne Korahs aus Ephraim allein,Die Söhne Aarons aus den Kehatitern,"Josua 21 beginnt bei den Söhnen Aarons aus den Familien der Kehatiter. Sie erhalten durch das Los dreizehn Städte aus Juda, Simeon und Benjamin. Die Reihenfolge hebt die priesterliche Linie innerhalb der Leviten hervor.","Josua 21,4.9-19"
